name,email,phone,birth_date
  ANA   MARIA  , ANA.MARIA@EXAMPLE.COM ,(11) 91234-5678,14/03/1992
Bruno Costa,bruno.costa@example.com,+55 21 99876-5432,1988-11-05
Carla Dias,carla.dias@example.com,,
Diego Lima,diego.lima@example.com,1198765432,29/02/2024
EVA SOUZA, eva.souza@example.com ,31 98765-4321,01/01/2000
Fernanda Rocha,ana.maria@example.com,11 90000-0000,1994-07-20
,gabi@example.com,11 99999-1111,1990-05-10
Heitor Nunes,heitor@@example.com,,
Isabela Melo,,21 2345-6789,15/08/1991
Joao Viana,joao.viana@example.com,123,1995-12-01
Katia Alves,katia@example.com,,31/02/1993
Luiza Barros,luiza@example.com,abc,31/02/1993
MARIA  DE   SOUZA,maria.souza@example.com,+55 (11) 3333-2222,1975-04-30
Nina Prado,NINA@EXAMPLE.COM,,04/12/1984
Otavio Ribeiro,NINA@example.com,,1983-09-09
Paula Nogueira,paula@example.com,55 11 98888-7777,31/04/2001
Rafa Teixeira,rafa@example.com,11 98888-7777,1987-06-20
Sara Queiroz,sara@example.com,,2999-01-01
